2024.03.26.13.02.38,127.0.0.1,53918,login
2024.03.26.13.02.57,127.0.0.1,53918,loginAttempt:solson16:password123
2024.03.26.13.03.29,127.0.0.1,53920,login
2024.03.26.13.03.35,127.0.0.1,53920,loginAttempt:solson16:password123
2024.03.26.13.03.35,127.0.0.1,53920,Successful Login Attempt from /127.0.0.1 on port 53920 to account solson16
2024.03.26.13.04.54,127.0.0.1,53925,register
2024.03.26.13.05.04,127.0.0.1,53925,registerAttempt:newUser28:Password123
2024.03.26.13.05.04,127.0.0.1,53925,Account Created for newUser28 by /127.0.0.1 on port 53925
2024.03.26.13.05.10,127.0.0.1,53925,Error: java.io.EOFException
2024.03.26.13.19.26,127.0.0.1,53966,login
2024.03.26.13.19.38,127.0.0.1,53966,loginAttempt:solson16:password123
2024.03.26.13.19.38,127.0.0.1,53966,Successful Login Attempt from /127.0.0.1 on port 53966 to account solson16
2024.03.26.13.23.00,127.0.0.1,53966,Error: java.io.EOFException
2024.03.26.13.23.56,127.0.0.1,53981,login
2024.03.26.13.24.03,127.0.0.1,53981,loginAttempt:solson16:password123
2024.03.26.13.24.03,127.0.0.1,53981,Successful Login Attempt from /127.0.0.1 on port 53981 to account solson16
2024.03.26.13.24.34,127.0.0.1,53981,Error: java.io.EOFException
2024.03.26.13.24.46,127.0.0.1,53987,login
2024.03.26.13.24.52,127.0.0.1,53987,loginAttempt:whonig:password
2024.03.26.13.24.58,127.0.0.1,53987,loginAttempt:solson16:password123
2024.03.26.13.24.58,127.0.0.1,53987,Successful Login Attempt from /127.0.0.1 on port 53987 to account solson16
2024.03.26.13.25.07,127.0.0.1,53987,Error: java.io.EOFException
2024.03.26.13.25.12,127.0.0.1,53988,login
2024.03.26.13.25.20,127.0.0.1,53988,loginAttempt:solson16:password123
2024.03.26.13.25.20,127.0.0.1,53988,Successful Login Attempt from /127.0.0.1 on port 53988 to account solson16
2024.03.26.13.25.59,127.0.0.1,53988,Error: java.io.EOFException
2024.03.26.13.26.08,127.0.0.1,53989,login
2024.03.26.13.26.15,127.0.0.1,53989,loginAttempt:solson16:password123
2024.03.26.13.26.15,127.0.0.1,53989,Successful Login Attempt from /127.0.0.1 on port 53989 to account solson16
2024.03.26.13.26.26,127.0.0.1,53990,login
2024.03.26.13.26.31,127.0.0.1,53990,loginAttempt:solson16:password123
2024.03.26.13.26.31,127.0.0.1,53990,Successful Login Attempt from /127.0.0.1 on port 53990 to account solson16
2024.03.26.13.27.26,127.0.0.1,53990,Error: java.io.EOFException
2024.03.26.13.29.35,127.0.0.1,54003,login
2024.03.26.13.29.40,127.0.0.1,54003,loginAttempt:solson16:password123
2024.03.26.13.29.40,127.0.0.1,54003,Successful Login Attempt from /127.0.0.1 on port 54003 to account solson16
2024.03.26.13.30.34,127.0.0.1,54003,Error: java.io.EOFException
2024.03.26.13.30.41,127.0.0.1,54006,login
2024.03.26.13.30.49,127.0.0.1,54006,loginAttempt:solson16:password123
2024.03.26.13.30.49,127.0.0.1,54006,Successful Login Attempt from /127.0.0.1 on port 54006 to account solson16
2024.03.26.13.34.07,127.0.0.1,54006,Error: java.io.EOFException
2024.03.26.13.34.25,127.0.0.1,54019,login
2024.03.26.13.34.31,127.0.0.1,54019,loginAttempt:solson16:password123
2024.03.26.13.34.32,127.0.0.1,54019,Successful Login Attempt from /127.0.0.1 on port 54019 to account solson16
2024.03.26.13.35.16,127.0.0.1,54019,Error: java.io.EOFException
2024.03.26.13.35.27,127.0.0.1,54024,login
2024.03.26.13.36.11,127.0.0.1,54024,loginAttempt:solson16:password123
2024.03.26.13.36.11,127.0.0.1,54024,Successful Login Attempt from /127.0.0.1 on port 54024 to account solson16
2024.03.26.13.36.26,127.0.0.1,54024,Error: java.io.EOFException
2024.03.26.13.37.15,127.0.0.1,54032,login
2024.03.26.13.40.38,127.0.0.1,54032,loginAttempt:solson16:password123
2024.03.26.13.40.38,127.0.0.1,54032,Successful Login Attempt from /127.0.0.1 on port 54032 to account solson16
2024.03.26.13.42.09,127.0.0.1,54032,Error: java.io.EOFException
2024.03.26.13.42.20,127.0.0.1,54045,login
2024.03.26.13.42.28,127.0.0.1,54045,loginAttempt:solson16:password123
2024.03.26.13.42.28,127.0.0.1,54045,Successful Login Attempt from /127.0.0.1 on port 54045 to account solson16
2024.03.26.13.44.21,127.0.0.1,54045,Error: java.io.EOFException
2024.03.26.13.44.32,127.0.0.1,54046,login
2024.03.26.13.44.38,127.0.0.1,54046,loginAttempt:solson16:password123
2024.03.26.13.44.38,127.0.0.1,54046,Successful Login Attempt from /127.0.0.1 on port 54046 to account solson16
2024.03.26.13.44.43,127.0.0.1,54046,fetchFile:solson16:textFile.txt
2024.03.26.13.44.53,127.0.0.1,54046,Error: java.io.EOFException
2024.03.26.14.10.04,127.0.0.1,54318,login
2024.03.26.14.10.12,127.0.0.1,54318,loginAttempt:solson16:password123
2024.03.26.14.10.12,127.0.0.1,54318,Successful Login Attempt from /127.0.0.1 on port 54318 to account solson16
2024.03.26.14.10.18,127.0.0.1,54318,fetchFile:solson16:download.jpeg
2024.03.26.14.10.21,127.0.0.1,54318,fetchFile:solson16:textFile.txt
2024.03.26.14.10.25,127.0.0.1,54318,exit
2024.03.27.13.53.48,127.0.0.1,54567,login
2024.03.27.13.53.58,127.0.0.1,54567,loginAttempt:solson16:password123
2024.03.27.13.53.58,127.0.0.1,54567,Successful Login Attempt from /127.0.0.1 on port 54567 to account solson16
2024.03.27.14.06.48,127.0.0.1,54665,login
2024.03.27.14.06.55,127.0.0.1,54665,loginAttempt:solson16:password123
2024.03.27.14.06.55,127.0.0.1,54665,Successful Login Attempt from /127.0.0.1 on port 54665 to account solson16
2024.03.27.14.07.00,127.0.0.1,54665,fetchFile:solson16:download.jpeg
2024.03.27.14.07.03,127.0.0.1,54665,fetchFile:solson16:dataStorage.csv
2024.03.27.14.27.49,127.0.0.1,54789,login
2024.03.27.14.27.55,127.0.0.1,54789,loginAttempt:solson16:password123
2024.03.27.14.27.55,127.0.0.1,54789,Successful Login Attempt from /127.0.0.1 on port 54789 to account solson16
2024.03.27.14.28.07,127.0.0.1,54789,Error: java.io.EOFException
2024.03.27.14.44.50,127.0.0.1,54815,login
2024.03.27.14.45.04,127.0.0.1,54815,loginAttempt:solson16:passsword123
2024.03.27.14.45.14,127.0.0.1,54817,Error: java.io.EOFException
2024.03.27.14.46.38,127.0.0.1,54818,login
2024.03.27.14.46.45,127.0.0.1,54818,loginAttempt:solson16:password123
2024.03.27.14.46.45,127.0.0.1,54818,Successful Login Attempt from /127.0.0.1 on port 54818 to account solson16
2024.03.27.14.47.00,127.0.0.1,54818,fetchFile:solson16:pset62.java
2024.03.27.14.51.23,127.0.0.1,54818,login
2024.03.27.14.51.38,127.0.0.1,54818,loginAttempt:whonig:comp271
2024.03.27.14.51.38,127.0.0.1,54818,Successful Login Attempt from /127.0.0.1 on port 54818 to account whonig
2024.03.27.14.52.08,127.0.0.1,54818,login
2024.03.27.14.52.13,127.0.0.1,54818,loginAttempt:solson16:password123
2024.03.27.14.52.13,127.0.0.1,54818,Successful Login Attempt from /127.0.0.1 on port 54818 to account solson16
2024.04.04.11.41.40,127.0.0.1,56795,login
2024.04.04.11.41.50,127.0.0.1,56795,loginAttempt:solson16:Password123
2024.04.04.11.41.58,127.0.0.1,56795,loginAttempt:solson16:password123
2024.04.04.11.41.58,127.0.0.1,56795,Successful Login Attempt from /127.0.0.1 on port 56795 to account solson16
2024.04.04.11.42.04,127.0.0.1,56795,Error: java.io.EOFException
2024.04.04.11.42.11,127.0.0.1,56796,login
2024.04.04.11.42.18,127.0.0.1,56796,loginAttempt:solson16:password123
2024.04.04.11.42.18,127.0.0.1,56796,Successful Login Attempt from /127.0.0.1 on port 56796 to account solson16
2024.04.04.11.42.20,127.0.0.1,56796,FetchDir:solson16
2024.04.04.11.42.20,127.0.0.1,56796,Error: java.lang.NullPointerException: Cannot read the array length because "<local6>" is null
2024.04.04.11.44.17,127.0.0.1,56799,login
2024.04.04.11.44.24,127.0.0.1,56799,loginAttempt:solson16:password123
2024.04.04.11.44.24,127.0.0.1,56799,Successful Login Attempt from /127.0.0.1 on port 56799 to account solson16
2024.04.04.11.44.27,127.0.0.1,56799,FetchDir:solson16
2024.04.04.11.44.27,127.0.0.1,56799,Error: java.lang.NullPointerException: Cannot read the array length because "<local6>" is null
2024.04.04.11.46.48,127.0.0.1,56828,login
2024.04.04.11.46.54,127.0.0.1,56828,loginAttempt:solson16:password123
2024.04.04.11.46.54,127.0.0.1,56828,Successful Login Attempt from /127.0.0.1 on port 56828 to account solson16
2024.04.04.11.46.56,127.0.0.1,56828,FetchDir:solson16
2024.04.04.11.47.33,127.0.0.1,56833,login
2024.04.04.11.47.40,127.0.0.1,56833,loginAttempt:solson16:password123
2024.04.04.11.47.40,127.0.0.1,56833,Successful Login Attempt from /127.0.0.1 on port 56833 to account solson16
2024.04.04.11.47.42,127.0.0.1,56833,FetchDir:solson16
2024.04.04.11.48.16,127.0.0.1,56839,login
2024.04.04.11.48.21,127.0.0.1,56839,loginAttempt:solson16:password123
2024.04.04.11.48.22,127.0.0.1,56839,Successful Login Attempt from /127.0.0.1 on port 56839 to account solson16
2024.04.04.11.48.23,127.0.0.1,56839,FetchDir:solson16
2024.04.04.11.48.47,127.0.0.1,56839,Error: java.io.EOFException
2024.04.04.11.48.56,127.0.0.1,56843,login
2024.04.04.11.49.03,127.0.0.1,56843,loginAttempt:solson16:password123
2024.04.04.11.49.03,127.0.0.1,56843,Successful Login Attempt from /127.0.0.1 on port 56843 to account solson16
2024.04.04.11.49.05,127.0.0.1,56843,FetchDir:solson16
2024.04.04.11.49.33,127.0.0.1,56846,login
2024.04.04.11.49.46,127.0.0.1,56846,loginAttempt:solson16:password123
2024.04.04.11.49.46,127.0.0.1,56846,Successful Login Attempt from /127.0.0.1 on port 56846 to account solson16
2024.04.04.11.49.48,127.0.0.1,56846,FetchDir:solson16
2024.04.04.11.51.35,127.0.0.1,56858,login
2024.04.04.11.51.41,127.0.0.1,56858,loginAttempt:solson16:password123
2024.04.04.11.51.41,127.0.0.1,56858,Successful Login Attempt from /127.0.0.1 on port 56858 to account solson16
2024.04.04.11.51.44,127.0.0.1,56858,FetchDir:solson16
2024.04.04.11.52.48,127.0.0.1,56863,login
2024.04.04.11.52.54,127.0.0.1,56863,loginAttempt:solson16:password123
2024.04.04.11.52.54,127.0.0.1,56863,Successful Login Attempt from /127.0.0.1 on port 56863 to account solson16
2024.04.04.11.52.58,127.0.0.1,56863,FetchDir:solson16
2024.04.04.11.55.08,127.0.0.1,56891,login
2024.04.04.11.55.15,127.0.0.1,56891,loginAttempt:solson16:password123
2024.04.04.11.55.15,127.0.0.1,56891,Successful Login Attempt from /127.0.0.1 on port 56891 to account solson16
2024.04.04.11.55.17,127.0.0.1,56891,FetchDir:solson16
2024.04.04.11.55.55,127.0.0.1,56894,login
2024.04.04.11.56.01,127.0.0.1,56894,loginAttempt:solson16:password123
2024.04.04.11.56.01,127.0.0.1,56894,Successful Login Attempt from /127.0.0.1 on port 56894 to account solson16
2024.04.04.11.56.18,127.0.0.1,56894,FetchDir:solson16
2024.04.04.11.59.17,127.0.0.1,56920,login
2024.04.04.11.59.25,127.0.0.1,56920,loginAttempt:solson16:password123
2024.04.04.11.59.26,127.0.0.1,56920,Successful Login Attempt from /127.0.0.1 on port 56920 to account solson16
2024.04.04.11.59.27,127.0.0.1,56920,FetchDir:solson16
2024.04.04.12.01.08,127.0.0.1,56933,login
2024.04.04.12.01.14,127.0.0.1,56933,loginAttempt:solson16:password123
2024.04.04.12.01.15,127.0.0.1,56933,Successful Login Attempt from /127.0.0.1 on port 56933 to account solson16
2024.04.04.12.01.16,127.0.0.1,56933,FetchDir:solson16
2024.04.04.12.04.13,127.0.0.1,56957,login
2024.04.04.12.04.19,127.0.0.1,56957,loginAttempt:solson16:password123
2024.04.04.12.04.19,127.0.0.1,56957,Successful Login Attempt from /127.0.0.1 on port 56957 to account solson16
2024.04.04.12.04.21,127.0.0.1,56957,FetchDir:solson16
2024.04.04.12.05.17,127.0.0.1,56957,Error: java.io.EOFException
2024.04.04.12.05.23,127.0.0.1,56963,login
2024.04.04.12.05.29,127.0.0.1,56963,loginAttempt:solson16:password123
2024.04.04.12.05.29,127.0.0.1,56963,Successful Login Attempt from /127.0.0.1 on port 56963 to account solson16
2024.04.04.12.05.31,127.0.0.1,56963,FetchDir:solson16
2024.04.04.12.05.44,127.0.0.1,56963,Error: java.io.EOFException
2024.04.04.12.05.51,127.0.0.1,56967,login
2024.04.04.12.05.57,127.0.0.1,56967,loginAttempt:solson16:password123
2024.04.04.12.05.57,127.0.0.1,56967,Successful Login Attempt from /127.0.0.1 on port 56967 to account solson16
2024.04.04.12.05.58,127.0.0.1,56967,FetchDir:solson16
2024.04.04.12.06.45,127.0.0.1,56967,Error: java.io.EOFException
2024.04.04.12.06.56,127.0.0.1,56976,login
2024.04.04.12.07.02,127.0.0.1,56976,loginAttempt:solson16:password123
2024.04.04.12.07.02,127.0.0.1,56976,Successful Login Attempt from /127.0.0.1 on port 56976 to account solson16
2024.04.04.12.07.04,127.0.0.1,56976,FetchDir:solson16
2024.04.04.12.07.11,127.0.0.1,56976,fetchFile:solson16:pset62.java
2024.04.04.12.07.13,127.0.0.1,56976,fetchFile:solson16:pset62.java
2024.04.04.12.07.32,127.0.0.1,56976,Error: java.io.EOFException
2024.04.04.12.07.44,127.0.0.1,56981,login
2024.04.04.12.07.50,127.0.0.1,56981,loginAttempt:solson16:password123
2024.04.04.12.07.50,127.0.0.1,56981,Successful Login Attempt from /127.0.0.1 on port 56981 to account solson16
2024.04.04.12.07.52,127.0.0.1,56981,FetchDir:solson16
2024.04.04.12.07.55,127.0.0.1,56981,FetchFile:solson16:pset62.java
2024.04.04.12.08.46,127.0.0.1,56997,login
2024.04.04.12.08.52,127.0.0.1,56997,loginAttempt:solson16:password123
2024.04.04.12.08.52,127.0.0.1,56997,Successful Login Attempt from /127.0.0.1 on port 56997 to account solson16
2024.04.04.12.08.54,127.0.0.1,56997,FetchDir:solson16
2024.04.04.12.08.56,127.0.0.1,56997,FetchFile:solson16:pset62.java
2024.04.04.12.10.20,127.0.0.1,57008,login
2024.04.04.12.10.27,127.0.0.1,57008,loginAttempt:solson16:password123
2024.04.04.12.10.27,127.0.0.1,57008,Successful Login Attempt from /127.0.0.1 on port 57008 to account solson16
2024.04.04.12.10.29,127.0.0.1,57008,FetchDir:solson16
2024.04.04.12.10.31,127.0.0.1,57008,FetchFile:solson16:pset62.java
2024.04.04.12.10.33,127.0.0.1,57008,FetchFile:solson16:pset62.java
2024.04.04.12.10.38,127.0.0.1,57008,FetchFile:solson16:pset62.java
2024.04.04.12.11.32,127.0.0.1,57008,Error: java.io.EOFException
2024.04.04.12.11.42,127.0.0.1,57015,login
2024.04.04.12.11.48,127.0.0.1,57015,loginAttempt:solson16:password123
2024.04.04.12.11.48,127.0.0.1,57015,Successful Login Attempt from /127.0.0.1 on port 57015 to account solson16
2024.04.04.12.11.50,127.0.0.1,57015,FetchDir:solson16
2024.04.04.12.11.52,127.0.0.1,57015,FetchFile:solson16:main.py
2024.04.04.12.11.56,127.0.0.1,57015,FetchFile:solson16:textFile.txt
2024.04.04.12.19.11,127.0.0.1,57015,Error: java.io.EOFException
2024.04.04.12.22.13,127.0.0.1,57143,login
2024.04.04.12.22.20,127.0.0.1,57143,loginAttempt:solson16:password123
2024.04.04.12.22.20,127.0.0.1,57143,Successful Login Attempt from /127.0.0.1 on port 57143 to account solson16
2024.04.04.12.30.31,127.0.0.1,57251,login
2024.04.04.12.30.37,127.0.0.1,57251,loginAttempt:solson16:password123
2024.04.04.12.30.37,127.0.0.1,57251,Successful Login Attempt from /127.0.0.1 on port 57251 to account solson16
2024.04.04.12.31.34,127.0.0.1,57251,Error: java.io.EOFException
2024.04.04.12.31.43,127.0.0.1,57264,login
2024.04.04.12.31.50,127.0.0.1,57264,loginAttempt:solson16:password123
2024.04.04.12.31.50,127.0.0.1,57264,Successful Login Attempt from /127.0.0.1 on port 57264 to account solson16
2024.04.05.10.30.42,127.0.0.1,57264,Error: java.io.EOFException
2024.04.09.11.36.33,127.0.0.1,49752,login
2024.04.09.11.36.45,127.0.0.1,49752,loginAttempt:solson16:Password123
2024.04.09.11.36.52,127.0.0.1,49752,loginAttempt:solson16:password123
2024.04.09.11.36.52,127.0.0.1,49752,Successful Login Attempt from /127.0.0.1 on port 49752 to account solson16
2024.04.09.11.36.57,127.0.0.1,49752,Error: java.io.EOFException
2024.04.09.11.37.00,127.0.0.1,49761,login
2024.04.09.11.37.08,127.0.0.1,49761,loginAttempt:solson16:password123
2024.04.09.11.37.08,127.0.0.1,49761,Successful Login Attempt from /127.0.0.1 on port 49761 to account solson16
2024.04.09.11.37.10,127.0.0.1,49761,FetchDir:solson16
2024.04.09.11.37.45,127.0.0.1,49761,FetchFile:solson16:textFile.txt
2024.04.09.11.37.57,127.0.0.1,49761,login
2024.04.09.11.38.06,127.0.0.1,49761,loginAttempt: solson16:password123
2024.04.09.11.38.09,127.0.0.1,49761,login
2024.04.09.11.38.16,127.0.0.1,49761,loginAttempt:solson16:password123
2024.04.09.11.38.16,127.0.0.1,49761,Successful Login Attempt from /127.0.0.1 on port 49761 to account solson16
2024.04.09.11.38.18,127.0.0.1,49761,Error: java.io.EOFException
2024.04.09.11.38.22,127.0.0.1,49763,login
2024.04.09.11.38.29,127.0.0.1,49763,loginAttempt:solson16:password123
2024.04.09.11.38.29,127.0.0.1,49763,Successful Login Attempt from /127.0.0.1 on port 49763 to account solson16
2024.04.09.11.38.47,127.0.0.1,49763,StoreFile:solson16:networking.md
2024.04.09.11.39.17,127.0.0.1,49763,Error: java.io.EOFException
2024.04.09.11.39.21,127.0.0.1,49764,login
2024.04.09.11.39.28,127.0.0.1,49764,loginAttempt:solson16:password123
2024.04.09.11.39.28,127.0.0.1,49764,Successful Login Attempt from /127.0.0.1 on port 49764 to account solson16
2024.04.09.11.39.30,127.0.0.1,49764,FetchDir:solson16
2024.04.09.11.39.41,127.0.0.1,49764,Error: java.io.EOFException
2024.04.09.11.53.13,127.0.0.1,49824,login
2024.04.09.11.53.21,127.0.0.1,49824,loginAttempt:solson16:password123
2024.04.09.11.53.22,127.0.0.1,49824,Successful Login Attempt from /127.0.0.1 on port 49824 to account solson16
2024.04.09.11.53.23,127.0.0.1,49824,FetchDir:solson16
2024.04.09.11.54.32,127.0.0.1,49824,FetchFile:solson16:main.py
2024.04.09.11.55.23,127.0.0.1,49824,Error: java.io.EOFException
2024.04.09.11.55.29,127.0.0.1,49838,login
2024.04.09.11.55.39,127.0.0.1,49838,loginAttempt:solson16:password123
2024.04.09.11.55.39,127.0.0.1,49838,Successful Login Attempt from /127.0.0.1 on port 49838 to account solson16
2024.04.09.11.55.45,127.0.0.1,49838,FetchDir:solson16
2024.04.09.11.55.47,127.0.0.1,49838,FetchFile:solson16:main.py
2024.04.09.11.57.16,127.0.0.1,49848,login
2024.04.09.11.57.23,127.0.0.1,49848,loginAttempt:solson16:password123
2024.04.09.11.57.23,127.0.0.1,49848,Successful Login Attempt from /127.0.0.1 on port 49848 to account solson16
2024.04.09.11.57.25,127.0.0.1,49848,FetchDir:solson16
2024.04.09.11.57.27,127.0.0.1,49848,FetchFile:solson16:main.py
2024.04.09.11.58.07,127.0.0.1,49855,login
2024.04.09.11.58.14,127.0.0.1,49855,loginAttempt:solson16:password123
2024.04.09.11.58.14,127.0.0.1,49855,Successful Login Attempt from /127.0.0.1 on port 49855 to account solson16
2024.04.09.11.58.16,127.0.0.1,49855,FetchDir:solson16
2024.04.09.11.58.18,127.0.0.1,49855,FetchFile:solson16:main.py
2024.04.09.11.59.11,127.0.0.1,49858,login
2024.04.09.11.59.19,127.0.0.1,49858,loginAttempt:solson16:password123
2024.04.09.11.59.19,127.0.0.1,49858,Successful Login Attempt from /127.0.0.1 on port 49858 to account solson16
2024.04.09.11.59.21,127.0.0.1,49858,FetchDir:solson16
2024.04.09.11.59.23,127.0.0.1,49858,FetchFile:solson16:main.py
2024.04.09.12.00.25,127.0.0.1,49858,FetchFile:solson16:networking.md
2024.04.09.12.00.40,127.0.0.1,49858,Error: java.net.SocketException: Connection reset
2024.04.09.12.06.05,127.0.0.1,49919,login
2024.04.09.12.06.13,127.0.0.1,49919,loginAttempt:solson16:password123
2024.04.09.12.06.13,127.0.0.1,49919,Successful Login Attempt from /127.0.0.1 on port 49919 to account solson16
2024.04.09.12.06.26,127.0.0.1,49919,StoreFile:solson16:clients.java
2024.04.09.12.06.34,127.0.0.1,49919,Error: java.io.EOFException
2024.04.09.12.06.36,127.0.0.1,49920,logn
2024.04.09.12.06.38,127.0.0.1,49920,login
2024.04.09.12.06.44,127.0.0.1,49920,loginAttempt:solson16:password123
2024.04.09.12.06.44,127.0.0.1,49920,Successful Login Attempt from /127.0.0.1 on port 49920 to account solson16
2024.04.09.12.06.46,127.0.0.1,49920,FetchDir:solson16
2024.04.09.12.07.16,127.0.0.1,49920,exit
2024.04.11.11.37.35,127.0.0.1,52194,login
2024.04.11.11.37.44,127.0.0.1,52194,loginAttempt:solson16:password123
2024.04.11.11.37.44,127.0.0.1,52194,Successful Login Attempt from /127.0.0.1 on port 52194 to account solson16
2024.04.11.11.38.17,127.0.0.1,52194,Error: java.io.EOFException
2024.04.11.11.38.49,127.0.0.1,52214,login
2024.04.11.11.38.56,127.0.0.1,52214,loginAttempt:solson16:password123
2024.04.11.11.38.56,127.0.0.1,52214,Successful Login Attempt from /127.0.0.1 on port 52214 to account solson16
2024.04.11.11.41.36,127.0.0.1,52214,Error: java.io.EOFException
2024.04.11.11.46.30,127.0.0.1,52249,login
2024.04.11.11.46.37,127.0.0.1,52249,loginAttempt:solson16:password123
2024.04.11.11.46.37,127.0.0.1,52249,Successful Login Attempt from /127.0.0.1 on port 52249 to account solson16
2024.04.11.11.46.39,127.0.0.1,52249,FetchDir:solson16
2024.04.11.11.46.46,127.0.0.1,52249,exit
2024.04.11.11.46.49,127.0.0.1,52250,login
2024.04.11.11.46.55,127.0.0.1,52250,loginAttempt:solson16:password123
2024.04.11.11.46.55,127.0.0.1,52250,Successful Login Attempt from /127.0.0.1 on port 52250 to account solson16
2024.04.11.11.47.00,127.0.0.1,52250,RemoveFile:solson16:
2024.04.12.12.59.58,127.0.0.1,52250,Error: java.net.SocketException: Connection reset
2024.04.12.13.00.21,127.0.0.1,53097,login
2024.04.12.13.00.30,127.0.0.1,53097,loginAttempt:solson16:password123
2024.04.12.13.00.30,127.0.0.1,53097,Successful Login Attempt from /127.0.0.1 on port 53097 to account solson16
2024.04.12.13.01.02,127.0.0.1,53097,RemoveFile:solson16:clients.java
2024.04.12.13.01.08,127.0.0.1,53097,StoreFile:solson16:clients.java
2024.04.12.13.01.28,127.0.0.1,53097,Error: java.io.EOFException
2024.04.12.13.14.27,127.0.0.1,53197,login
2024.04.12.13.14.34,127.0.0.1,53197,loginAttempt:solson16:password123
2024.04.12.13.14.34,127.0.0.1,53197,Successful Login Attempt from /127.0.0.1 on port 53197 to account solson16
2024.04.12.13.15.10,127.0.0.1,53197,FetchDir:solson16
2024.04.12.13.15.17,127.0.0.1,53197,Error: java.io.EOFException
2024.04.12.13.16.03,127.0.0.1,53205,login
2024.04.12.13.16.09,127.0.0.1,53205,loginAttempt:solson16:password123
2024.04.12.13.16.09,127.0.0.1,53205,Successful Login Attempt from /127.0.0.1 on port 53205 to account solson16
2024.04.12.13.16.11,127.0.0.1,53205,FetchDir:solson16
2024.04.12.13.16.13,127.0.0.1,53205,FetchDir:solson16
2024.04.12.13.16.15,127.0.0.1,53205,FetchDir:solson16
2024.04.12.13.16.18,127.0.0.1,53205,FetchDir:solson16
2024.04.12.13.16.21,127.0.0.1,53205,Error: java.io.EOFException
2024.04.12.13.30.49,127.0.0.1,53271,login
2024.04.12.13.30.57,127.0.0.1,53271,loginAttempt:solson16:password123
2024.04.12.13.30.57,127.0.0.1,53271,Successful Login Attempt from /127.0.0.1 on port 53271 to account solson16
2024.04.12.13.30.59,127.0.0.1,53271,FetchDir:solson16
2024.04.12.13.35.36,127.0.0.1,53271,Error: java.io.EOFException
2024.04.12.14.07.30,127.0.0.1,53457,login
2024.04.12.14.07.46,127.0.0.1,53457,loginAttempt:solson16:password123
2024.04.12.14.07.46,127.0.0.1,53457,Successful Login Attempt from /127.0.0.1 on port 53457 to account solson16
2024.04.12.14.08.22,127.0.0.1,53457,Error: java.io.EOFException
2024.04.12.14.08.25,127.0.0.1,53464,login
2024.04.12.14.08.27,127.0.0.1,53464,Error: java.net.SocketException: Connection reset
2024.04.12.14.08.33,127.0.0.1,53465,login
2024.04.12.14.08.39,127.0.0.1,53465,loginAttempt:solson16:password123
2024.04.12.14.08.39,127.0.0.1,53465,Successful Login Attempt from /127.0.0.1 on port 53465 to account solson16
2024.04.12.14.09.07,127.0.0.1,53465,Error: java.io.EOFException
2024.04.12.14.21.08,127.0.0.1,53520,login
2024.04.12.14.21.15,127.0.0.1,53520,loginAttempt:solson16:password123
2024.04.12.14.21.15,127.0.0.1,53520,Successful Login Attempt from /127.0.0.1 on port 53520 to account solson16
2024.04.12.14.21.18,127.0.0.1,53520,FetchDir:solson16
2024.04.12.14.22.21,127.0.0.1,53520,Error: java.io.EOFException
2024.04.12.14.22.27,127.0.0.1,53528,login
2024.04.12.14.22.33,127.0.0.1,53528,loginAttempt:solson16:password123
2024.04.12.14.22.33,127.0.0.1,53528,Successful Login Attempt from /127.0.0.1 on port 53528 to account solson16
2024.04.12.14.22.35,127.0.0.1,53528,FetchDir:solson16
2024.04.12.14.22.48,127.0.0.1,53528,Error: java.io.EOFException
2024.04.12.14.23.04,127.0.0.1,53530,login
2024.04.12.14.23.09,127.0.0.1,53530,loginAttempt:solson16:password123
2024.04.12.14.23.09,127.0.0.1,53530,Successful Login Attempt from /127.0.0.1 on port 53530 to account solson16
2024.04.12.14.23.11,127.0.0.1,53530,FetchDir:solson16
2024.04.12.14.23.22,127.0.0.1,53530,TransferFile:solson16:whonig:.DS_Store
2024.04.12.14.23.22,127.0.0.1,53530,Error: java.lang.ArrayIndexOutOfBoundsException: Index 0 out of bounds for length 0
2024.04.12.14.23.41,127.0.0.1,53531,login
2024.04.12.14.23.47,127.0.0.1,53531,loginAttempt:solson16:password123
2024.04.12.14.23.47,127.0.0.1,53531,Successful Login Attempt from /127.0.0.1 on port 53531 to account solson16
2024.04.12.14.23.49,127.0.0.1,53531,FetchDir:solson16
2024.04.12.14.24.02,127.0.0.1,53531,TransferFile:solson16:whonig:dataStorage.csv
2024.04.12.14.24.02,127.0.0.1,53531,Error: java.lang.ArrayIndexOutOfBoundsException: Index 0 out of bounds for length 0
2024.04.12.14.25.11,127.0.0.1,53539,login
2024.04.12.14.25.17,127.0.0.1,53539,loginAttempt:solson16:password123
2024.04.12.14.25.17,127.0.0.1,53539,Successful Login Attempt from /127.0.0.1 on port 53539 to account solson16
2024.04.12.14.25.19,127.0.0.1,53539,FetchDir:solson16
2024.04.12.14.25.29,127.0.0.1,53539,TransferFile:solson16:whonig:dataStorage.csv
2024.04.12.14.25.29,127.0.0.1,53539,Error: java.lang.ArrayIndexOutOfBoundsException: Index 0 out of bounds for length 0
2024.04.12.14.26.53,127.0.0.1,53544,login
2024.04.12.14.26.59,127.0.0.1,53544,loginAttempt:solson16:password123
2024.04.12.14.26.59,127.0.0.1,53544,Successful Login Attempt from /127.0.0.1 on port 53544 to account solson16
2024.04.12.14.27.01,127.0.0.1,53544,FetchDir:solson16
2024.04.12.14.27.09,127.0.0.1,53544,TransferFile:solson16:whonig:clients.java
2024.04.12.14.27.09,127.0.0.1,53544,File Transfer Request from solson16 to whonig for file clients.java
2024.04.12.14.27.27,127.0.0.1,53545,login
2024.04.12.14.27.42,127.0.0.1,53545,loginAttempt:whonig:comp271
2024.04.12.14.27.42,127.0.0.1,53545,Successful Login Attempt from /127.0.0.1 on port 53545 to account whonig
2024.04.12.14.28.12,127.0.0.1,53545,Error: java.io.EOFException
2024.04.12.14.28.19,127.0.0.1,53551,login
2024.04.12.14.28.26,127.0.0.1,53551,loginAttempt:whonig:comp271
2024.04.12.14.28.26,127.0.0.1,53551,Successful Login Attempt from /127.0.0.1 on port 53551 to account whonig
2024.04.12.14.33.10,127.0.0.1,53586,login
2024.04.12.14.33.17,127.0.0.1,53586,loginAttempt:solson16:password123
2024.04.12.14.33.17,127.0.0.1,53586,Successful Login Attempt from /127.0.0.1 on port 53586 to account solson16
2024.04.12.14.33.17,127.0.0.1,53586,Error: java.lang.ArrayIndexOutOfBoundsException: Index 1 out of bounds for length 1
2024.04.12.14.33.31,127.0.0.1,53587,login
2024.04.12.14.33.39,127.0.0.1,53587,loginAttempt:whonig:comp271
2024.04.12.14.33.39,127.0.0.1,53587,Successful Login Attempt from /127.0.0.1 on port 53587 to account whonig
2024.04.12.14.33.39,127.0.0.1,53587,Error: java.lang.ArrayIndexOutOfBoundsException: Index 1 out of bounds for length 1
2024.04.12.14.37.58,127.0.0.1,53607,login
2024.04.12.14.38.08,127.0.0.1,53607,loginAttempt:whonig:comp271
2024.04.12.14.38.08,127.0.0.1,53607,Successful Login Attempt from /127.0.0.1 on port 53607 to account whonig
2024.04.12.14.39.28,127.0.0.1,53618,login
2024.04.12.14.39.34,127.0.0.1,53618,loginAttempt:solson16:password123
2024.04.12.14.39.34,127.0.0.1,53618,Successful Login Attempt from /127.0.0.1 on port 53618 to account solson16
2024.04.12.14.39.39,127.0.0.1,53618,exit
2024.04.12.14.39.43,127.0.0.1,53620,login
2024.04.12.14.39.49,127.0.0.1,53620,loginAttempt:whonig:comp271
2024.04.12.14.39.49,127.0.0.1,53620,Successful Login Attempt from /127.0.0.1 on port 53620 to account whonig
2024.04.12.14.40.05,127.0.0.1,53620,exit
2024.04.12.14.40.10,127.0.0.1,53624,login
2024.04.12.14.40.18,127.0.0.1,53624,loginAttempt:solson16:password123
2024.04.12.14.40.18,127.0.0.1,53624,Successful Login Attempt from /127.0.0.1 on port 53624 to account solson16
2024.04.12.14.40.20,127.0.0.1,53624,FetchDir:solson16
2024.04.12.14.40.31,127.0.0.1,53624,TransferFile:solson16:whonig:download.jpeg
2024.04.12.14.40.31,127.0.0.1,53624,File Transfer Request from solson16 to whonig for file download.jpeg
2024.04.12.14.40.34,127.0.0.1,53624,exit
2024.04.12.14.40.38,127.0.0.1,53625,login
2024.04.12.14.40.46,127.0.0.1,53625,loginAttempt:whonig:comp271
2024.04.12.14.40.46,127.0.0.1,53625,Successful Login Attempt from /127.0.0.1 on port 53625 to account whonig
2024.04.12.14.40.50,127.0.0.1,53625,ConfirmTransfer:whonig:solson16:download.jpeg
2024.04.12.14.40.52,127.0.0.1,53625,FetchDir:whonig
2024.04.12.14.41.11,127.0.0.1,53625,FetchDir:whonig
2024.04.12.14.41.14,127.0.0.1,53625,FetchDir:whonig
2024.04.12.14.41.22,127.0.0.1,53625,Error: java.io.EOFException
2024.04.12.14.42.51,127.0.0.1,53639,login
2024.04.12.14.42.56,127.0.0.1,53639,loginAttempt:solson16:password123
2024.04.12.14.42.56,127.0.0.1,53639,Successful Login Attempt from /127.0.0.1 on port 53639 to account solson16
2024.04.12.14.42.58,127.0.0.1,53639,FetchDir:solson16
2024.04.12.14.43.02,127.0.0.1,53639,TransferFile:solson16:whonig:networking.md
2024.04.12.14.43.02,127.0.0.1,53639,File Transfer Request from solson16 to whonig for file networking.md
2024.04.12.14.43.11,127.0.0.1,53640,login
2024.04.12.14.43.19,127.0.0.1,53640,loginAttempt:whonig:comp271
2024.04.12.14.43.19,127.0.0.1,53640,Successful Login Attempt from /127.0.0.1 on port 53640 to account whonig
2024.04.12.14.43.22,127.0.0.1,53640,ConfirmTransfer:whonig:solson16:download.jpeg
2024.04.12.14.47.40,127.0.0.1,53670,login
2024.04.12.14.48.00,127.0.0.1,53670,loginAttempt:whonig:comp271
2024.04.12.14.48.00,127.0.0.1,53670,Successful Login Attempt from /127.0.0.1 on port 53670 to account whonig
2024.04.12.14.48.03,127.0.0.1,53670,ConfirmTransfer:whonig:solson16:download.jpeg
2024.04.12.14.48.03,127.0.0.1,53670,Error: java.io.FileNotFoundException: /Users/Admin/Desktop/Projects/data/whonig/download.jpeg (No such file or directory)
2024.04.12.14.49.13,127.0.0.1,53683,login
2024.04.12.14.49.24,127.0.0.1,53683,loginAttempt:whonig:comp271
2024.04.12.14.49.24,127.0.0.1,53683,Successful Login Attempt from /127.0.0.1 on port 53683 to account whonig
2024.04.12.14.49.29,127.0.0.1,53683,ConfirmTransfer:whonig:solson16:download.jpeg
2024.04.12.14.49.29,127.0.0.1,53683,Transfer Request Confirmed from solson16 to whonig for file download.jpeg
2024.04.12.14.49.32,127.0.0.1,53683,FetchDir:whonig
2024.04.12.14.49.37,127.0.0.1,53683,Error: java.io.EOFException
2024.03.26.13.02.57,127.0.0.1,53918,Successful Login Attempt from /127.0.0.1 on port 53918 to account solson16
